-- phpMyAdmin SQL Dump
-- version 5.2.1
-- https://www.phpmyadmin.net/
--
-- Хост: 127.0.0.1
-- Время создания: Дек 04 2025 г., 15:53
-- Версия сервера: 10.4.32-MariaDB
-- Версия PHP: 8.2.12

SET SQL_MODE = "NO_AUTO_VALUE_ON_ZERO";
START TRANSACTION;
SET time_zone = "+00:00";


/*!40101 SET @OLD_CHARACTER_SET_CLIENT=@@CHARACTER_SET_CLIENT */;
/*!40101 SET @OLD_CHARACTER_SET_RESULTS=@@CHARACTER_SET_RESULTS */;
/*!40101 SET @OLD_COLLATION_CONNECTION=@@COLLATION_CONNECTION */;
/*!40101 SET NAMES utf8mb4 */;

--
-- База данных: `equipment_aggregator`
--

-- --------------------------------------------------------

--
-- Структура таблицы `offers`
--

CREATE TABLE `offers` (
  `id` int(11) NOT NULL,
  `product_id` int(11) NOT NULL,
  `supplier_id` int(11) DEFAULT NULL,
  `price_no_vat` decimal(10,2) NOT NULL,
  `vat_rate` decimal(5,2) NOT NULL DEFAULT 20.00,
  `stock` int(11) NOT NULL DEFAULT 0,
  `lead_time_days` int(11) NOT NULL DEFAULT 0
) ENGINE=InnoDB DEFAULT CHARSET=utf8mb4 COLLATE=utf8mb4_unicode_ci;

--
-- Дамп данных таблицы `offers`
--

INSERT INTO `offers` (`id`, `product_id`, `supplier_id`, `price_no_vat`, `vat_rate`, `stock`, `lead_time_days`) VALUES
(1, 1, 1, 3707.13, 20.00, 0, 4),
(2, 2, 1, 645.05, 20.00, 2, 8),
(3, 3, 2, 1905.15, 20.00, 1, 4),
(4, 4, NULL, 1656.05, 20.00, 3, 2),
(5, 5, NULL, 4232.36, 20.00, 0, 6),
(6, 6, 4, 3943.50, 20.00, 0, 1),
(7, 7, NULL, 5030.90, 20.00, 3, 7),
(8, 8, NULL, 1014.69, 20.00, 0, 15),
(9, 9, 3, 2699.61, 20.00, 0, 1),
(10, 10, 3, 748.99, 20.00, 17, 7),
(11, 11, NULL, 1703.19, 20.00, 0, 3),
(12, 12, 4, 3146.78, 20.00, 0, 6),
(13, 13, 1, 762.68, 20.00, 2, 12),
(14, 14, 1, 1634.19, 20.00, 1, 1),
(15, 15, 1, 3899.42, 20.00, 3, 4),
(16, 16, 5, 3384.71, 20.00, 120, 5),
(17, 17, NULL, 1772.20, 20.00, 1, 10),
(18, 18, 6, 3626.33, 20.00, 0, 1),
(19, 19, 7, 4737.15, 20.00, 5, 4),
(20, 20, NULL, 732.49, 20.00, 0, 1),
(21, 21, 1, 4739.10, 20.00, 0, 4),
(22, 22, 1, 4210.70, 20.00, 5, 2),
(23, 23, 1, 2431.25, 20.00, 0, 14),
(24, 24, 1, 1517.40, 20.00, 3, 13),
(25, 25, 1, 5536.07, 20.00, 3, 3),
(26, 26, 4, 2442.97, 20.00, 3, 13),
(27, 27, 8, 1233.73, 20.00, 3, 15),
(28, 28, NULL, 1263.58, 20.00, 0, 2),
(29, 29, 4, 5027.47, 20.00, 0, 2),
(30, 30, 8, 3818.63, 20.00, 3, 1),
(31, 31, NULL, 4845.64, 20.00, 0, 15),
(32, 32, 4, 4468.66, 20.00, 0, 11),
(33, 33, 9, 3511.14, 20.00, 3, 6),
(34, 34, 4, 5705.58, 20.00, 3, 17),
(35, 35, NULL, 2742.67, 20.00, 0, 8),
(36, 36, 10, 3620.20, 20.00, 0, 4),
(37, 37, NULL, 5017.02, 20.00, 2, 7),
(38, 38, NULL, 3972.60, 20.00, 1, 9),
(39, 39, NULL, 5198.53, 20.00, 3, 7),
(40, 40, NULL, 3786.76, 20.00, 3, 11),
(41, 41, NULL, 4432.86, 20.00, 0, 14),
(42, 42, 11, 1149.12, 20.00, 2, 2),
(43, 43, 11, 2069.49, 20.00, 1, 8),
(44, 44, 12, 2386.94, 20.00, 2, 3),
(45, 45, NULL, 1348.96, 20.00, 0, 3),
(46, 46, 12, 2123.95, 20.00, 0, 7),
(47, 47, 13, 1475.01, 20.00, 2, 7),
(48, 48, NULL, 2369.87, 20.00, 0, 14),
(49, 49, 14, 4168.42, 20.00, 3, 8),
(50, 50, NULL, 2324.16, 20.00, 0, 4),
(51, 51, 15, 2360.90, 20.00, 0, 2),
(52, 52, 16, 1567.54, 20.00, 3, 9),
(53, 53, 17, 1864.89, 20.00, 2, 6),
(54, 54, 10, 5223.27, 20.00, 3, 15),
(55, 55, NULL, 3790.18, 20.00, 0, 1),
(56, 56, 18, 3605.66, 20.00, 0, 16),
(57, 57, 10, 1425.69, 20.00, 4, 13),
(58, 58, NULL, 4225.63, 20.00, 0, 3),
(59, 59, 18, 1407.01, 20.00, 0, 9),
(60, 60, 10, 2497.28, 20.00, 1, 17),
(61, 61, NULL, 5557.62, 20.00, 0, 2),
(62, 62, 18, 3820.00, 20.00, 0, 3),
(63, 63, 8, 3414.75, 20.00, 2, 14),
(64, 64, NULL, 4063.07, 20.00, 0, 1),
(65, 65, 4, 4864.26, 20.00, 0, 5),
(66, 66, 10, 4540.00, 20.00, 5, 8),
(67, 67, 19, 1815.24, 20.00, 56, 3),
(68, 68, 19, 840.50, 20.00, 42, 3),
(69, 69, 19, 2267.27, 20.00, 5, 15),
(70, 70, 19, 2038.70, 20.00, 4, 1),
(71, 71, 19, 1764.91, 20.00, 6, 1),
(72, 72, 19, 5434.55, 20.00, 2, 11),
(73, 73, 19, 5111.84, 20.00, 3, 3),
(74, 74, 19, 2313.39, 20.00, 3, 6),
(75, 75, 19, 4027.19, 20.00, 25, 1),
(76, 76, 19, 2738.16, 20.00, 23, 14),
(77, 77, 19, 5342.74, 20.00, 41, 7),
(78, 78, 19, 3074.26, 20.00, 18, 6),
(79, 79, 19, 2114.40, 20.00, 18, 1),
(80, 80, 19, 2033.14, 20.00, 5, 15),
(81, 81, 20, 3616.84, 20.00, 2, 14),
(82, 82, 21, 2133.71, 20.00, 2, 1),
(83, 83, NULL, 3752.93, 20.00, 0, 2),
(84, 84, 22, 5329.11, 20.00, 0, 13),
(85, 85, 23, 2847.00, 20.00, 0, 6),
(86, 86, 10, 1956.60, 20.00, 6, 16),
(87, 87, 10, 5857.69, 20.00, 6, 17),
(88, 88, NULL, 3427.63, 20.00, 0, 12),
(89, 89, 22, 1344.55, 20.00, 0, 9),
(90, 90, NULL, 1135.58, 20.00, 0, 15),
(91, 91, 23, 1458.25, 20.00, 0, 14),
(92, 92, 23, 4057.23, 20.00, 0, 3),
(93, 93, 10, 4890.40, 20.00, 2, 3),
(94, 94, 10, 3050.80, 20.00, 2, 12),
(95, 95, NULL, 1267.64, 20.00, 0, 11),
(96, 96, 23, 2868.10, 20.00, 0, 4),
(97, 97, 23, 5950.61, 20.00, 0, 1),
(98, 98, NULL, 3625.57, 20.00, 5, 2),
(99, 99, NULL, 5845.39, 20.00, 20, 14),
(100, 100, NULL, 4803.90, 20.00, 3, 3),
(101, 101, NULL, 567.41, 20.00, 0, 5),
(102, 102, NULL, 4123.61, 20.00, 6, 7),
(103, 103, NULL, 3938.55, 20.00, 6, 3),
(104, 104, NULL, 3224.85, 20.00, 21, 3),
(105, 105, NULL, 1884.13, 20.00, 21, 1),
(106, 106, NULL, 3764.81, 20.00, 110, 5),
(107, 107, NULL, 1127.76, 20.00, 25, 3),
(108, 108, NULL, 2753.83, 20.00, 25, 5),
(109, 109, NULL, 2858.62, 20.00, 4, 6),
(110, 110, NULL, 5369.08, 20.00, 6, 8),
(111, 111, NULL, 4989.26, 20.00, 12, 14),
(112, 112, NULL, 1936.95, 20.00, 2, 10),
(113, 113, NULL, 3132.93, 20.00, 4, 8),
(114, 114, NULL, 1533.26, 20.00, 8, 2),
(115, 115, NULL, 5213.14, 20.00, 2, 3),
(116, 116, NULL, 5012.59, 20.00, 2, 13),
(117, 117, NULL, 2162.22, 20.00, 80, 2),
(118, 118, NULL, 3874.75, 20.00, 19, 4),
(119, 119, NULL, 3734.85, 20.00, 3, 2),
(120, 120, NULL, 1464.20, 20.00, 3, 5),
(121, 121, NULL, 4522.55, 20.00, 45, 10),
(122, 122, NULL, 3416.90, 20.00, 3, 7),
(123, 123, NULL, 4623.13, 20.00, 15, 5),
(124, 124, NULL, 3391.77, 20.00, 2, 3),
(125, 125, 24, 752.86, 20.00, 450, 7),
(126, 126, 24, 2380.78, 20.00, 110, 5),
(127, 127, 24, 867.38, 20.00, 110, 2);

-- --------------------------------------------------------

--
-- Структура таблицы `products`
--

CREATE TABLE `products` (
  `id` int(11) NOT NULL,
  `sku` varchar(100) DEFAULT NULL,
  `name` varchar(255) NOT NULL,
  `specs` text DEFAULT NULL
) ENGINE=InnoDB DEFAULT CHARSET=utf8mb4 COLLATE=utf8mb4_unicode_ci;

--
-- Дамп данных таблицы `products`
--

INSERT INTO `products` (`id`, `sku`, `name`, `specs`) VALUES
(1, 'R5ST0863', 'Корпус сварной навесной серии ST с М/П Размер: 800 x 600 x 300 мм (В х Ш х Г)', 'Сталь; IP66; 800×600×300'),
(2, 'R5ST0649', 'Корпус навесной ST c М/П ВхШхГ 600x400x250 мм', 'Сталь; IP66; 600×400×250'),
(3, 'Е1104-0017', 'Концевой выключатель МЕ 8104 роликовый рычаг 5А 1НО+1НЗ IP65', '5 А; ролик; IP65'),
(4, 'KZ-8104', 'Переключатель концевой KZ-8104, 250 В, 5А, IP65', '250 В; 5 А; IP65'),
(5, '32154DEK', 'Сальник PG-16 диаметр кабеля 6-13 IP54', 'PG16; 6–13 мм; IP54'),
(6, 'YSA20-14-16-54-K41', 'Сальник PG-16 диаметр кабеля 9-13мм IP54', 'PG16; 9–13 мм; IP54'),
(7, '32155DEK', 'Сальник PG-21 диаметр кабеля 13-18 IP54', 'PG21; 13–18 мм; IP54'),
(8, 'YSA20-18-21-54-K41', 'Сальник PG-21 диаметр кабеля 15-18мм IP54', 'PG21; 15–18мм; IP54'),
(9, 'R5RD03', 'Комплект реек по глубине для ST/CE, Г=300 мм, 2 рейки в комплекте.', 'Глубина 300мм; 2шт'),
(10, 'R5RD09', 'Комплект реек по глубине для ST/CE, Г=250 мм, 2 рейки в комплекте.', 'Глубина 250мм; 2шт'),
(11, 'R5A55', 'Кронштейн для настенного крепления ST/CE (в комплекте 4 кронштейна)', '4шт; для ST/CE'),
(12, 'S 5.11', 'Винт самонарезающий, компл. - 100 шт.', '100шт; пакет'),
(13, 'SD 5.13 T ', 'Винт самосверлящий (упак 300 шт) SD 5.13 T ', '300шт; пакет'),
(14, 'TS35 CF6', 'DIN-рейка высокая 15х35мм, перфорированная, длина 2000мм (EDR35-15)', '35×15мм; 2м'),
(15, 'DKC02150', 'Перфорированая DIN-рейка 35х15 мм OMEGA 3AF', '35×15мм; 2м'),
(16, '01163RL', 'Короб перфорированный, серый RL6 25х40 (ШхВ) ', '25×40мм; серый'),
(17, '00228RL', 'Короб перфорированный, синий RL12 25x40 (ШxВ)', '25×40мм; синий'),
(18, '01134RL', 'Короб перфорированный, серый RL6 40х40 (ШхВ) ', '40×40мм; серый'),
(19, 'R5STEP', 'Точка заземления внешняя для корпусов ST CE', 'Для корпусов ST/CE'),
(20, 'YNN10-69-22D-K05', 'Шина PE \"земля\" на DIN-изоляторе ШНИ-6х9-22-Д-Ж IEK', '22 клеммы; IEK'),
(21, 'PTF1000T', 'Вентилятор с фильтром, 30м3/ч. (92х92мм).230В АС. IP54', '30м³/ч; 230В; IP54'),
(22, 'YVR10-024-55', 'Вентилятор с фильтром ВФИ 24 м3/час IP55', '24м³/ч; IP55'),
(23, 'PFI1000', 'Вентиляционная решетка с фильтром 92x92мм. IP54', '92×92мм; IP54'),
(24, 'YVR10D-EF-024-55', 'Фильтр c решеткой для вентилятора ВФИ 24 м3/час IEK', '24м³/ч; IP55'),
(25, 'PPCA4', 'Карман для документации', 'Пластик; А4'),
(26, 'YCE-TNO-00-60', 'Термостат от 0 до +60°C NO IEK', '0…60°C; IEK'),
(27, 'TNO10M ', 'Термостат NO (охлаждение) на DIN-рейку 10А 230В IP20 EKF PROxima', '10А; 230В; EKF'),
(28, 'АВПЮ.301561.115', 'Полка оцикованная сталь 1,5 мм размеры 570x250 мм', '570×250мм; 1,5мм'),
(29, 'АВПЮ.301561.315', 'Полка оцикованная сталь 1,5 мм размеры 350x150 мм', '350×150мм; 1,5мм'),
(30, 'по эскизу', 'Шильд предприятия 100х80', '100×80мм'),
(31, 'по эскизу', 'Шильд предприятия 120х40', '120×40мм'),
(32, 'TBUP334-1A20-AB00', 'Контроллер SCADAPack 334', 'Schneider; RTU'),
(33, 'TBUP4N-105-01-0-0', 'Контроллер SCADAPack P32', 'Schneider; компакт'),
(34, 'БИ-006-А', 'Барьер искрозащиты для аналоговых сигналов', 'Аналоговый; Ленпром'),
(35, 'БИ-006-01А', 'Барьер искрозащиты для аналоговых сигналов', 'Аналоговый; Ленпром'),
(36, 'DM9600-433-20 V7', 'Радиомодем ДМ-9600-433-20 V7', '433МГц; 9600бит'),
(37, 'PS-1225U', 'Блок питания Uвх=175-275В, Uвых=13.6В, Iвых=22/25А, с функцией ИБП', '13,6В; 22–25А'),
(38, 'К-207-15М ', 'Источник питания Uвх=175-275В, Uвых=13.6В, Iвых=10А, с функцией ИБП', '13,6В; 10А'),
(39, 'DTM 1217', 'Аккумуляторная батарея 12V / 17Ah', '12В; 17Ач'),
(40, 'DDR-60G-24', 'DC/DC преобразователь 12В/24В 60 Вт', '12→24В; 60Вт'),
(41, 'mcb4763-6-2-06C-pro', 'Автоматический выключатель 2P 6А (C) 6кА ВА 47-63 EKF PROxima', '6кА; EKF'),
(42, '260611', 'Выключатель автоматический модульный OptiDin BM63-2C6-УХЛ3 ', '6кА; КЭАЗ'),
(43, 'mcb4763-6-1-06C-pro', 'Автоматический выключатель 1P 6А (C) 6кА ВА 47-63 EKF PROxima', '6кА; EKF'),
(44, '260515', 'Выключатель автоматический модульный OptiDin BM63-1C6-УХЛ3 ', '6кА; КЭАЗ'),
(45, 'mcb4763-DC-1-01C-pro', 'Автоматический выключатель 1P 1А (C) 6кА ВА 47-63 DC EKF PROxima', '6кА; EKF'),
(46, '260504', 'Выключатель автоматический модульный OptiDin BM63-1C1-УХЛ3 ', '6кА; КЭАЗ'),
(47, 'LA 8 F', 'Светильник ', '8Вт; 230В'),
(48, 'LLPO0-2001-1-13-K01', 'Светильник ЛПО2001 13Вт 230В T5/G5', '13Вт; 230В'),
(49, 'mdse-47-pro', 'Розетка РДЕ-47 240В (под евро вилку с заземлением)', '16А; евро'),
(50, '56.703.0055.0', 'Клемма WKFN 2,5/35 ', 'Серый; Wieland'),
(51, '56.703.4755.0', 'Клемма WKFN 2,5 E-K                                                                                         ', 'Серый; Wieland'),
(52, '07.312.7355.0', 'Боковая крышка (серая)                                                                                         ', 'Для 2,5мм²'),
(53, '56.703.0055.6', 'Клемма WKFN 2,5/35 BLAU ', 'Синий; Wieland'),
(54, '07.312.7355.0', 'Крышка боковая APFN 2,5 E, серый', 'Для 2,5мм²'),
(55, '07.312.6755.6', 'Крышка боковая APFN 2,5 BLAU, цвет синий', 'Для 2,5мм²'),
(56, '56.704.9055.0', 'Клемма заземления WKFN 4 SL/35', 'Зелёно-жёлтый'),
(57, '07.312.9255.0', 'Крышка боковая APFN 4 серый', 'Для 4мм²'),
(58, 'Z5.523.9353.0', 'Торцевой фиксатор WEF 1/35', 'Для 1 клеммы'),
(59, '04.243.8550.0', 'Держатель маркировки                                                                                                                                                                                                                              ', 'Универсальный'),
(60, 'Z5.523.9453.0', 'Торцевой фиксатор WEF 2/35 ', 'Для 2 клемм'),
(61, '56.704.4055.0', 'Клемма разъед. WKFN 4 TKG, серый                                       ', 'Серый; Wieland'),
(62, 'Z1.298.1153.0', 'Держатель THSI 5x20 LED24, серый ', 'С индикацией 24В'),
(63, '07.312.9055.0', 'Крышка боковая APFN 4 D2/2/35', 'Для 4мм²'),
(64, 'АН5-433', 'Направленная УКВ антенна АН5-433 в комплекте с кабелем 10 м и разъемом BNC Male', '10м кабель; BNC'),
(65, '1122950000', 'Модуль релейный TRZ 230VAC RC 1CO  ', '1CO; Weidmüller'),
(66, '706030', 'Релейный модуль РЕМ-ХН11 230АC', 'Хакел'),
(67, '40.31.8.230.0000', 'Миниатюрное реле; 1 перекидной контакт 10А (~ 230В AC)', '10А; Finder'),
(68, 'rms-23-1', 'Модуль релейный РM slim 23/1 EKF AVERES rms-23-1', 'EKF'),
(69, 'rps-23-1-24DC', 'РП slim 23/1 6A 24В DC EKF AVERES', '6А; EKF'),
(70, '706022', 'Релейный модуль РЕМ5-ХА11 24UC', 'Хакел'),
(71, '40.31.9.024.0000', 'Миниатюрное реле; 1 перекидной контакт 10А (= 24В DC)', '10А; Finder'),
(72, '95.03.SPA', 'Розетка для реле 40.31 и модуля 99.02/86.30; с раздельными контактами; с пластиковым фиксатором; винтовые зажимы; синяя; 10А', '10А; Finder'),
(73, 'rps-22-2-24DC', 'Реле промежуточное РП slim 22/2 5A 24В DC EKF AVERES', '5А; EKF'),
(74, 'rms-22-2 ', 'Модуль для реле РM slim 22/2 EKF AVERES', 'EKF'),
(75, '40.52.9.024.0000', 'Миниатюрное реле; 2 перекидных контакта 8А (= 24В DC)', '8А; Finder'),
(76, '95.05.SPA', 'Розетка для реле 40.51, 40.52, 40.61, 40.62 и модуля 99.02/86.30; с раздельными контактами; с пластиковым фиксатором; винтовые зажимы; синяя; 10А', '10А; Finder'),
(77, NULL, 'Плавкий предохранитель 5X20, класс F 1.0 А', '1А; быстрый'),
(78, NULL, 'Плавкий предохранитель 5X20, класс F 0.5 А', '0,5А; быстрый'),
(79, NULL, 'Плавкий предохранитель 5X20, класс F 8.0 А', '8А; быстрый'),
(80, NULL, 'Провод ПуГВ 1х 2,5 Кч (коричневый)', 'Коричневый'),
(81, NULL, 'Провод ПуГВ 1х 2,5 С (Синий)', 'Синий'),
(82, NULL, 'Провод ПуГВ 1х 1,0 Кч (коричневый)', 'Коричневый'),
(83, NULL, 'Провод ПуГВ 1х 1,0 Кч (коричневый)', 'Коричневый'),
(84, NULL, 'Провод ПуГВ 1х 0,5 Б (белый)', 'Белый'),
(85, NULL, 'Провод ПуГВ 1х 0,5 К (красный)', 'Красный'),
(86, NULL, 'Провод ПуГВ 1х 0,5 Ч (черный)', 'Чёрный'),
(87, NULL, 'Провод ПуГВ 1х 0,5 С (синий)', 'Синий'),
(88, 'ГОСТ 6323-79', 'Провод заземления ПВ3  1x2,5 З/Ж\r\nДопускается замена на НВ или  ПуГВ 1x2,5 З/Ж', '2,5мм²; З/Ж'),
(89, 'ГОСТ 6323-79', 'Провод заземления ПВ3  1x1,5 З/Ж\r\nДопускается замена на НВ или  ПуГВ 1x1,5 З/Ж', '1,5мм²; З/Ж'),
(90, NULL, 'Разъем RJ-45 (8P8C) cat. 5e экран (98-23-47)', 'Cat.5e'),
(91, NULL, 'Патч-корд FTP, Cat.5e, 2 м', '2м; Cat.5e'),
(92, NULL, 'Патч-корд FTP, Cat.5e, 5 м', '5м; Cat.5e'),
(93, NULL, 'Разъем на кабель DB-9M CONNFLY ', 'Папа'),
(94, NULL, 'Корпус разъема DP-09C ', 'Пластик'),
(95, NULL, 'Хомут кабельный капроновый 2,5х100 мм', '2,5×100мм'),
(96, 'YPC30-MOLNI-1-100', 'Знак безопасности Молния 25х25х25 треугольник', '25мм; треугольник'),
(97, 'YPC30-MOLNI-3-096', 'Знак безопасности Молния 85x85x85 треугольник', '85мм; треугольник'),
(98, NULL, 'Самоклеящаяся этикетка Avery, A-Z L6013-20 (формат А4, Серебро)', 'А4; A-Z'),
(99, NULL, 'Пленка стрейч упаковочная, м', 'Упаковочная'),
(100, '«Супер-Момент»', 'Клей универсальный (3 гр.) ', '3г'),
(101, 'YPC2', 'Символ заземления 30х30, бум', '30×30мм; бумага'),
(102, 'tut-10-b', 'Термоусаживаемая трубка ТУТ ', 'Чёрная'),
(103, 'НШВИ 0,5- 8', 'Наконечник штыревой втулочный изолированный  0,5 кв.мм НШВИ', '0,5мм²'),
(104, 'НШВИ(2) 0,5-8', 'Наконечник штыревой втулочный изолированный  2х0,5 кв.мм НШВИ-2', '2×0,5мм²'),
(105, 'НШВИ 1.0- 8', 'Наконечник штыревой втулочный изолированный   1,0 кв.мм НШВИ', '1,0мм²'),
(106, 'НШВИ(2) 1.0-8', 'Наконечник штыревой втулочный изолированный   2х1,0 кв.мм НШВИ-2', '2×1,0мм²'),
(107, 'НШВИ 1,5- 8', 'Наконечник штыревой втулочный изолированный   1,5 кв.мм НШВИ', '1,5мм²'),
(108, 'НШВИ 2,5- 8', 'Наконечник штыревой втулочный изолированный   2,5 кв.мм НШВИ', '2,5мм²'),
(109, NULL, 'Наконечник кольцевой НКИ 2,5-8', 'НКИ 2,5-8'),
(110, NULL, 'Наконечник кольцевой НКИ 2-6', 'НКИ 2-6'),
(111, '04.845.0153.0', 'Маркировка для клемм сеч. 2,5 мм2, шириной 5 мм, 1-10 (25 полос в упаковке)', '2,5мм²; 5мм'),
(112, '04.845.0253.0', 'Маркировка для клемм сеч. 2,5 мм2, шириной 5 мм, 11-20 (25 полос в упаковке)', '2,5мм²; 5мм'),
(113, '04.845.0353.0', 'Маркировка для клемм сеч. 2,5 мм2, шириной 5 мм, 21-30 (25 полос в упаковке)', '2,5мм²; 5мм'),
(114, '04.846.0153.0', 'Маркировка для клемм сеч. 4 мм2, шириной 6 мм, 1-10 (25 полос в упаковке)', '4мм²; 6мм'),
(115, '808852', 'KCCM-W 67.5X25; Ламинированные самоклеящиеся кабельные этикетки, 67.5X25, Прозрачно-белая, Размер карты116x165мм', '67,5×25мм'),
(116, 'NUTFL18', 'Маркировка для провода, гибкая, для трубочек. 4х18мм. Белая (упаковка 2800 шт. (50 пластин по 56 шт.)', '4×18мм'),
(117, 'TUB1801FL', 'Трубочка прозрачная для гибкой маркировки, 1,5-2,5 мм, длина 18 мм. (упаковка 1000 шт.)', '1,5–2,5мм; 18мм'),
(118, 'TUB1802FL', 'Трубочка прозрачная для гибкой маркировки, 2,0-4,0 мм, длина 18 мм. (упаковка 1000 шт.)', '2,0–4,0мм; 18мм'),
(119, '808703', 'Самоламинирующаяся этикетка KCIPA-W 6x15', '6×15мм'),
(120, 'TAS209AW', 'Табличка полужесткая. Клейкое основание. ПВХ-0,5. Белая (9х20мм)', '9×20мм'),
(121, 'TAS207AW', 'Табличка полужесткая. Клейкое основание. ПВХ-0,5. Белая (7х20 мм)', '7×20мм'),
(122, 'SPIRALITE P3', 'Жгут витой прозрачный ', 'Прозрачная'),
(123, NULL, 'Шайба плоская M6', 'М6'),
(124, NULL, 'Шайба гроверная M6', 'М6'),
(125, NULL, 'Болт 6х20', 'М6×20'),
(126, NULL, 'Гайка М6', 'М6'),
(127, 'R5PP01', 'П-образный профиль для защиты кромок, для дверей и панелей', 'Для дверей');

-- --------------------------------------------------------

--
-- Структура таблицы `suppliers`
--

CREATE TABLE `suppliers` (
  `id` int(11) NOT NULL,
  `name` varchar(255) NOT NULL,
  `inn` varchar(20) DEFAULT NULL,
  `city` varchar(100) DEFAULT NULL
) ENGINE=InnoDB DEFAULT CHARSET=utf8mb4 COLLATE=utf8mb4_unicode_ci;

--
-- Дамп данных таблицы `suppliers`
--

INSERT INTO `suppliers` (`id`, `name`, `inn`, `city`) VALUES
(1, 'DKC', '7714636689', 'Тверь'),
(2, 'Энергия', '7725782370', 'Москва'),
(3, 'DEKraft', '7725788495', 'Калуга'),
(4, 'IEK', '7718974638', 'Курск'),
(5, 'Провенто', '7802872570', 'Санкт-Петербург'),
(6, 'АРУМ', '7801659270', 'Севастополь'),
(7, 'PROFILATI', '6905062011', 'Смоленск'),
(8, 'Электро-лайн', '7802878694', 'Норильск'),
(9, 'Plastim', '7715897280', 'Москва'),
(10, 'EKF', '7802941449', 'Донецк'),
(11, 'SCADAPack', '7704210068', 'Луганск'),
(12, '\"Ленпромавтоматика\"', '7806027680', 'Иркутск'),
(13, 'RF Lab', '7811774880', 'Пермь'),
(14, 'Sirus', '7732400146', 'Сургут'),
(15, 'ООО \"НПП Сигма\"', '7786182552', 'Можайск'),
(16, 'Delta ', '7801569354', 'Усть-Илимск'),
(17, 'Mean Well ', '7715393480', 'Москва'),
(18, 'KEAZ', '5780491239', 'Барнаул'),
(19, 'Wieland', '3245000016', 'Бирск'),
(20, 'Геолинк ', '7733756180', 'Иннополис'),
(21, 'Weidmueller', '7725719280', 'Нижний Новгород'),
(22, 'Hakel', '6746850336', 'Владивосток'),
(23, 'Finder', '7705891230', 'Хабаровск'),
(24, 'КВТ', '4025056335', 'Ижевск'),
(25, 'Klemsan', '6518762355', 'Ростов-на-Дону'),
(26, 'Spiralite', '7723821943', 'Череповец');

--
-- Индексы сохранённых таблиц
--

--
-- Индексы таблицы `offers`
--
ALTER TABLE `offers`
  ADD PRIMARY KEY (`id`),
  ADD KEY `idx_offers_product_id` (`product_id`),
  ADD KEY `idx_offers_supplier_id` (`supplier_id`);

--
-- Индексы таблицы `products`
--
ALTER TABLE `products`
  ADD PRIMARY KEY (`id`);

--
-- Индексы таблицы `suppliers`
--
ALTER TABLE `suppliers`
  ADD PRIMARY KEY (`id`);

--
-- AUTO_INCREMENT для сохранённых таблиц
--

--
-- AUTO_INCREMENT для таблицы `offers`
--
ALTER TABLE `offers`
  MODIFY `id` int(11) NOT NULL AUTO_INCREMENT, AUTO_INCREMENT=128;

--
-- AUTO_INCREMENT для таблицы `products`
--
ALTER TABLE `products`
  MODIFY `id` int(11) NOT NULL AUTO_INCREMENT, AUTO_INCREMENT=128;

--
-- AUTO_INCREMENT для таблицы `suppliers`
--
ALTER TABLE `suppliers`
  MODIFY `id` int(11) NOT NULL AUTO_INCREMENT, AUTO_INCREMENT=27;

--
-- Ограничения внешнего ключа сохраненных таблиц
--

--
-- Ограничения внешнего ключа таблицы `offers`
--
ALTER TABLE `offers`
  ADD CONSTRAINT `fk_offers_product` FOREIGN KEY (`product_id`) REFERENCES `products` (`id`) ON UPDATE CASCADE,
  ADD CONSTRAINT `fk_offers_supplier` FOREIGN KEY (`supplier_id`) REFERENCES `suppliers` (`id`) ON UPDATE CASCADE;
COMMIT;

/*!40101 SET CHARACTER_SET_CLIENT=@OLD_CHARACTER_SET_CLIENT */;
/*!40101 SET CHARACTER_SET_RESULTS=@OLD_CHARACTER_SET_RESULTS */;
/*!40101 SET COLLATION_CONNECTION=@OLD_COLLATION_CONNECTION */;
